호선,역명,요일,비율
1,동대문,금,1.0620007461837206
1,동대문,목,1.0212165098554926
1,동대문,수,1.0268261000811765
1,동대문,월,1.0052717681316827
1,동대문,일,0.8725403809375781
1,동대문,토,0.9887741297451902
1,동대문,화,1.0233703650651598
1,동묘앞,금,0.9620838959017542
1,동묘앞,목,0.9023948046820655
1,동묘앞,수,0.9006224223792956
1,동묘앞,월,0.844392190001662
1,동묘앞,일,1.2132587145158515
1,동묘앞,토,1.280035693317456
1,동묘앞,화,0.8972122792019153
1,서울역,금,1.1910794454117228
1,서울역,목,1.08506859572367
1,서울역,수,1.0725416628557343
1,서울역,월,1.0552346668742947
1,서울역,일,0.6746086757098076
1,서울역,토,0.862706728550129
1,서울역,화,1.0587602248746413
1,시청,금,1.1714874071013202
1,시청,목,1.172723308069791
1,시청,수,1.1875765754581291
1,시청,월,1.091107880891558
1,시청,일,0.4604319074166178
1,시청,토,0.7389081398761776
1,시청,화,1.1777647811864067
1,신설동,금,1.1673212015976007
1,신설동,목,1.1228685942879386
1,신설동,수,1.12961392069691
1,신설동,월,1.0972268378853836
1,신설동,일,0.5811940726959243
1,신설동,토,0.8000503936337748
1,신설동,화,1.1017249792024688
1,제기동,금,1.10944841318492
1,제기동,목,1.0838150115466838
1,제기동,수,1.0733885471003424
1,제기동,월,1.0554069223927305
1,제기동,일,0.624974208689285
1,제기동,토,0.9687884199311083
1,제기동,화,1.0841784771549303
1,종각,금,1.1891470581946546
1,종각,목,1.1822612421088434
1,종각,수,1.1954009291785148
1,종각,월,1.1300161470068497
1,종각,일,0.4426706581613155
1,종각,토,0.6921441685698906
1,종각,화,1.168359796779931
1,종로3가,금,1.1351245822792688
1,종로3가,목,1.0763877011994945
1,종로3가,수,1.068794790880818
1,종로3가,월,1.0178129572141326
1,종로3가,일,0.6318850000694352
1,종로3가,토,1.0143441619991944
1,종로3가,화,1.055650806357656
1,종로5가,금,1.1489702806848456
1,종로5가,목,1.111457485038673
1,종로5가,수,1.102675503036087
1,종로5가,월,1.062222202749964
1,종로5가,일,0.5141767621422191
1,종로5가,토,0.95531362518563
1,종로5가,화,1.1051841411625813
1,청량리,금,1.1131734286822608
1,청량리,목,1.070467870418993
1,청량리,수,1.0579798070966722
1,청량리,월,1.0381360227041245
1,청량리,일,0.6769835255980375
1,청량리,토,0.9721277010712593
1,청량리,화,1.0711316444286516
2,강남,금,1.2069904554500483
2,강남,목,1.1443665269986272
2,강남,수,1.1429242389632739
2,강남,월,1.1122707011467972
2,강남,일,0.4476206587026976
2,강남,토,0.8043810631604182
2,강남,화,1.1414463555781373
2,강변,금,1.1570763180571002
2,강변,목,1.0477447646974005
2,강변,수,1.0342794700058522
2,강변,월,1.0278855600937093
2,강변,일,0.752772893486467
2,강변,토,0.9583355780021511
2,강변,화,1.0219054156573204
2,건대입구,금,1.125437097858623
2,건대입구,목,1.0430052981048668
2,건대입구,수,1.0368186384367717
2,건대입구,월,0.987682539978552
2,건대입구,일,0.7577747851440848
2,건대입구,토,1.0308069064127745
2,건대입구,화,1.0184747340643274
2,교대,금,1.222764423074611
2,교대,목,1.2130379713598578
2,교대,수,1.224064492138979
2,교대,월,1.1693513041984973
2,교대,일,0.3495580137446071
2,교대,토,0.6024129887285341
2,교대,화,1.2188108067549137
2,구로디지털단지,금,1.1844777635772503
2,구로디지털단지,목,1.1768497783458964
2,구로디지털단지,수,1.1826469057403683
2,구로디지털단지,월,1.1487470009650032
2,구로디지털단지,일,0.45496516123030545
2,구로디지털단지,토,0.6739091518986722
2,구로디지털단지,화,1.1784042382425046
2,구의,금,1.1657311268750417
2,구의,목,1.1406292601641939
2,구의,수,1.148157403905921
2,구의,월,1.1004618972807574
2,구의,일,0.523863107963638
2,구의,토,0.7818080724149703
2,구의,화,1.1393491313954782
2,낙성대,금,1.1522232423641428
2,낙성대,목,1.1112385062176426
2,낙성대,수,1.1171130938859246
2,낙성대,월,1.0630907633945947
2,낙성대,일,0.5963344798679459
2,낙성대,토,0.8599522696173344
2,낙성대,화,1.1000476446524146
2,당산,금,1.1667623795813817
2,당산,목,1.1477116702118986
2,당산,수,1.1575494317821746
2,당산,월,1.0956279469612202
2,당산,일,0.5101678565164979
2,당산,토,0.7780532869276097
2,당산,화,1.1441274280192164
2,대림,금,1.1142535393064334
2,대림,목,1.0968150821256253
2,대림,수,1.1091750662802293
2,대림,월,1.092272823909887
2,대림,일,0.66431493725983
2,대림,토,0.8213710955069013
2,대림,화,1.101797455611093
2,도림천,금,1.1725947690035414
2,도림천,목,1.1774035971086714
2,도림천,수,1.1859798140421356
2,도림천,월,1.1752509037492525
2,도림천,일,0.41164423251836424
2,도림천,토,0.6916645029500303
2,도림천,화,1.185462180628005
2,동대문역사문화공원,금,1.1383246436103993
2,동대문역사문화공원,목,1.077719012203185
2,동대문역사문화공원,수,1.0823526741648024
2,동대문역사문화공원,월,1.0089494550798817
2,동대문역사문화공원,일,0.7096568278751704
2,동대문역사문화공원,토,0.9361746809689032
2,동대문역사문화공원,화,1.0468227060976585
2,뚝섬,금,1.1908851400463663
2,뚝섬,목,1.1444423878155592
2,뚝섬,수,1.150702814448685
2,뚝섬,월,1.0820325594338254
2,뚝섬,일,0.5264954085493948
2,뚝섬,토,0.7739853766976379
2,뚝섬,화,1.131456313008531
2,문래,금,1.1916642573891079
2,문래,목,1.1860503051447382
2,문래,수,1.1967116100717008
2,문래,월,1.1511579119475384
2,문래,일,0.405647761273393
2,문래,토,0.6776776698697218
2,문래,화,1.1910904843038008
2,방배,금,1.1734095460522986
2,방배,목,1.2009558433600092
2,방배,수,1.2100235630190912
2,방배,월,1.1461670553676038
2,방배,일,0.4131837879810252
2,방배,토,0.6512642121671298
2,방배,화,1.2049959920528424
2,봉천,금,1.1476174137646618
2,봉천,목,1.1266085244836253
2,봉천,수,1.133524014507242
2,봉천,월,1.101308783208036
2,봉천,일,0.5525392334331842
2,봉천,토,0.8081415225841608
2,봉천,화,1.1302605080190888
2,사당,금,1.1614697423022935
2,사당,목,1.1052973895883478
2,사당,수,1.1011754148437056
2,사당,월,1.024455114391568
2,사당,일,0.6012335554481333
2,사당,토,0.9190664023217359
2,사당,화,1.0873023811042155
2,삼성,금,1.206627504620413
2,삼성,목,1.2007762732609004
2,삼성,수,1.181093689315101
2,삼성,월,1.0906585349859481
2,삼성,일,0.47649146692873573
2,삼성,토,0.7040402966839101
2,삼성,화,1.140312234204991
2,상왕십리,금,1.1676861361951127
2,상왕십리,목,1.1406411879971579
2,상왕십리,수,1.1518150994644782
2,상왕십리,월,1.1056507157514888
2,상왕십리,일,0.529403209593735
2,상왕십리,토,0.7715337402224007
2,상왕십리,화,1.1332699107756266
2,서울대입구,금,1.1566333668850584
2,서울대입구,목,1.1053782589857772
2,서울대입구,수,1.112371818494064
2,서울대입구,월,1.072134621506632
2,서울대입구,일,0.5857859417351764
2,서울대입구,토,0.8636751270132187
2,서울대입구,화,1.104020865380074
2,서초,금,1.163790169930493
2,서초,목,1.1700130522453984
2,서초,수,1.1976595445088296
2,서초,월,1.1350983852243712
2,서초,일,0.544531294131948
2,서초,토,0.6095827168599487
2,서초,화,1.1793248370990104
2,선릉,금,1.2229967373382935
2,선릉,목,1.2474950820246546
2,선릉,수,1.2601408363046516
2,선릉,월,1.2213869667668595
2,선릉,일,0.27481622456028054
2,선릉,토,0.5153416330717955
2,선릉,화,1.2578225199334656
2,성수,금,1.2073324906982625
2,성수,목,1.1813800923218003
2,성수,수,1.193362293542827
2,성수,월,1.133345456587764
2,성수,일,0.4457954884997462
2,성수,토,0.6642708498591661
2,성수,화,1.1745133284904348
2,시청,금,1.2228288065286033
2,시청,목,1.2252864110936903
2,시청,수,1.241846016935957
2,시청,월,1.1605450982763406
2,시청,일,0.3401915624647854
2,시청,토,0.579494440193895
2,시청,화,1.2298076645067273
2,신답,금,1.1795553903544145
2,신답,목,1.1606990633463843
2,신답,수,1.170438382261509
2,신답,월,1.123756587287246
2,신답,일,0.5053734125534429
2,신답,토,0.7117443056471549
2,신답,화,1.1484328585498484
2,신당,금,1.147876634514262
2,신당,목,1.100587145410378
2,신당,수,1.1134185518418953
2,신당,월,1.054956173293985
2,신당,일,0.6166871327639576
2,신당,토,0.8712012716373387
2,신당,화,1.0952730905381842
2,신대방,금,1.129623339562285
2,신대방,목,1.106393587869258
2,신대방,수,1.111467932091884
2,신대방,월,1.08064543191292
2,신대방,일,0.6235096260564658
2,신대방,토,0.8456879098423574
2,신대방,화,1.1026721726648299
2,신도림,금,1.1318904086482389
2,신도림,목,1.1029132657459382
2,신도림,수,1.1110629429078154
2,신도림,월,1.0501875852323226
2,신도림,일,0.6075985112320578
2,신도림,토,0.9152941309968535
2,신도림,화,1.0810531552367741
2,신림,금,1.138421893932818
2,신림,목,1.0971040792696996
2,신림,수,1.101216272512692
2,신림,월,1.062474215832222
2,신림,일,0.6338746701040615
2,신림,토,0.8821633272068437
2,신림,화,1.0847455411416638
2,신설동,금,1.1300086848350201
2,신설동,목,1.017496655096427
2,신설동,수,1.020676615430183
2,신설동,월,0.991140887750917
2,신설동,일,0.8392536748533517
2,신설동,토,1.0304720742676465
2,신설동,화,0.9709514077664553
2,신정네거리,금,1.1462941650335663
2,신정네거리,목,1.1269329319147476
2,신정네거리,수,1.1397638472498621
2,신정네거리,월,1.1022530462668987
2,신정네거리,일,0.5482987781729275
2,신정네거리,토,0.8038495632142388
2,신정네거리,화,1.1326076681477604
2,신촌,금,1.1375491182251625
2,신촌,목,1.0748600383101883
2,신촌,수,1.074248475665435
2,신촌,월,1.0135915044020576
2,신촌,일,0.6655200614020521
2,신촌,토,0.9735044360543561
2,신촌,화,1.0607263659407489
2,아현,금,1.164752276592758
2,아현,목,1.1340970535338353
2,아현,수,1.1408212012685657
2,아현,월,1.0796582997890867
2,아현,일,0.5410384307579007
2,아현,토,0.808882031983851
2,아현,화,1.1307507060740019
2,양천구청,금,1.1535566944443132
2,양천구청,목,1.144677616528424
2,양천구청,수,1.157216582118884
2,양천구청,월,1.1206786609355663
2,양천구청,일,0.5236840231610274
2,양천구청,토,0.7509776941054059
2,양천구청,화,1.1492087287063786
2,역삼,금,1.2171151508561961
2,역삼,목,1.2677475467033577
2,역삼,수,1.2921584049786667
2,역삼,월,1.2555522106461192
2,역삼,일,0.2508424762743296
2,역삼,토,0.4244947577325018
2,역삼,화,1.2920894528088285
2,영등포구청,금,1.1875134546232409
2,영등포구청,목,1.1854144502963753
2,영등포구청,수,1.1999085177795812
2,영등포구청,월,1.1656730381130593
2,영등포구청,일,0.4064572495886237
2,영등포구청,토,0.6637039635613403
2,영등포구청,화,1.19132932603778
2,왕십리,금,1.1623878033892654
2,왕십리,목,1.1071217806100535
2,왕십리,수,1.1124656001207613
2,왕십리,월,1.0432474310150133
2,왕십리,일,0.6037935649933577
2,왕십리,토,0.8880405433975859
2,왕십리,화,1.0829432764739633
2,용답,금,1.1270888741598568
2,용답,목,1.1238321778701938
2,용답,수,1.1175281651511682
2,용답,월,1.0994422806688229
2,용답,일,0.6163908365083581
2,용답,토,0.7978905909674013
2,용답,화,1.1178270746741985
2,용두,금,1.179888313807979
2,용두,목,1.1255572145383292
2,용두,수,1.128393490150261
2,용두,월,1.1038332524367915
2,용두,일,0.525196763533767
2,용두,토,0.8138106959293968
2,용두,화,1.1233202696034759
2,을지로3가,금,1.2143147573227893
2,을지로3가,목,1.1897337535578523
2,을지로3가,수,1.2171926267986655
2,을지로3가,월,1.1490704782915624
2,을지로3가,일,0.42815267110007427
2,을지로3가,토,0.6164494648921455
2,을지로3가,화,1.1850862480369104
2,을지로4가,금,1.2161268699379004
2,을지로4가,목,1.191383966328378
2,을지로4가,수,1.1964649003714332
2,을지로4가,월,1.156050607996776
2,을지로4가,일,0.35816986713997995
2,을지로4가,토,0.6931083100969626
2,을지로4가,화,1.18869547812857
2,을지로입구,금,1.1873773324155104
2,을지로입구,목,1.174774986289676
2,을지로입구,수,1.1825595228938404
2,을지로입구,월,1.1121304524505173
2,을지로입구,일,0.47886644784770915
2,을지로입구,토,0.6968757813817544
2,을지로입구,화,1.167415476720992
2,이대,금,1.1661593198531586
2,이대,목,1.1325124425718993
2,이대,수,1.1349781829533498
2,이대,월,1.0792041825527072
2,이대,일,0.5428579759890995
2,이대,토,0.8263197038596757
2,이대,화,1.1179681922201092
2,잠실,금,1.1310701700980896
2,잠실,목,1.0456198069750702
2,잠실,수,1.0500746160600276
2,잠실,월,0.9774040055966873
2,잠실,일,0.7350801544227595
2,잠실,토,1.033048959406795
2,잠실,화,1.0277022874405708
2,잠실나루,금,1.19942495797141
2,잠실나루,목,1.192873363130121
2,잠실나루,수,1.2143732844705917
2,잠실나루,월,1.1674456387279735
2,잠실나루,일,0.407639929413219
2,잠실나루,토,0.6112429201509046
2,잠실나루,화,1.2069999061357803
2,잠실새내,금,1.1660292412287272
2,잠실새내,목,1.103734821950283
2,잠실새내,수,1.1059360468207664
2,잠실새내,월,1.0611614572132417
2,잠실새내,일,0.5742970746865769
2,잠실새내,토,0.8920637611450019
2,잠실새내,화,1.0967775969554021
2,종합운동장,금,1.2022947855418225
2,종합운동장,목,0.9734701835965268
2,종합운동장,수,0.9252913694342844
2,종합운동장,월,0.7173893307961159
2,종합운동장,일,0.956443482902031
2,종합운동장,토,1.3030793755946277
2,종합운동장,화,0.9220314721345921
2,충정로,금,1.170705438707423
2,충정로,목,1.1849430184914023
2,충정로,수,1.2048985832033388
2,충정로,월,1.1554364883502226
2,충정로,일,0.41856357563279484
2,충정로,토,0.6775248289898675
2,충정로,화,1.1879280666249503
2,한양대,금,1.139216586470792
2,한양대,목,1.2732920751479881
2,한양대,수,1.2742447455355228
2,한양대,월,1.2171793833760143
2,한양대,일,0.2886450115513843
2,한양대,토,0.5181288173563042
2,한양대,화,1.289293380561996
2,합정,금,1.1486847136781293
2,합정,목,1.074024162244615
2,합정,수,1.0621748839155247
2,합정,월,0.9914928431149184
2,합정,일,0.6905627093201775
2,합정,토,0.9936219692913643
2,합정,화,1.0394387184352711
2,홍대입구,금,1.0946752636182686
2,홍대입구,목,0.9911576037378487
2,홍대입구,수,0.9792987283462328
2,홍대입구,월,0.9180316494006313
2,홍대입구,일,0.8773006116932127
2,홍대입구,토,1.1828317587246915
2,홍대입구,화,0.9567043844791141
2,까치산,금,1.1767969444300308
2,까치산,목,1.1572054515732264
2,까치산,수,1.1659766818751265
2,까치산,월,1.13075441136838
2,까치산,일,0.5139773812926707
2,까치산,토,0.6975260233118027
2,까치산,화,1.1577631061487628
3,가락시장,목,1.384482298515199
3,가락시장,수,1.3904000991363443
3,가락시장,월,1.346504641924265
3,가락시장,일,0.5599781970479307
3,가락시장,토,0.9375979232090422
3,가락시장,화,1.381036840167219
3,경복궁,금,1.1240522513293874
3,경복궁,목,1.0942975938013837
3,경복궁,수,1.1160350017595189
3,경복궁,월,1.01107618384604
3,경복궁,일,0.68618299274752
3,경복궁,토,0.9507314618668126
3,경복궁,화,1.0176245146493372
3,경찰병원,금,1.1912810551239263
3,경찰병원,목,1.1782195100233144
3,경찰병원,수,1.20594320375949
3,경찰병원,월,1.1796090918819446
3,경찰병원,일,0.41805692700451785
3,경찰병원,토,0.6383091460964296
3,경찰병원,화,1.188581066110377
3,고속터미널,금,1.1292984011832772
3,고속터미널,목,0.9519102921968069
3,고속터미널,수,0.9282329707634641
3,고속터미널,월,0.9014099551175031
3,고속터미널,일,0.9669205750539851
3,고속터미널,토,1.1995266439630858
3,고속터미널,화,0.922701161721877
3,교대,금,1.2370697539659876
3,교대,목,1.2295844340867992
3,교대,수,1.2310687548164523
3,교대,월,1.1646432092043406
3,교대,일,0.339291991142004
3,교대,토,0.5858037547635844
3,교대,화,1.2125381020208317
3,구파발,금,1.1348836130735165
3,구파발,목,1.1162616703153885
3,구파발,수,1.1252816243518322
3,구파발,월,1.0937433628679276
3,구파발,일,0.5877403710385073
3,구파발,토,0.8204203765299568
3,구파발,화,1.121668981822871
3,금호,금,1.1532202872021966
3,금호,목,1.1234934046750977
3,금호,수,1.1333533410448733
3,금호,월,1.083705130857037
3,금호,일,0.5724252494428822
3,금호,토,0.8152778826929856
3,금호,화,1.118524704084928
3,남부터미널,금,1.214483845780847
3,남부터미널,목,1.1225842222082318
3,남부터미널,수,1.1155765912580486
3,남부터미널,월,1.076068506500154
3,남부터미널,일,0.5433234202778826
3,남부터미널,토,0.8168763051142626
3,남부터미널,화,1.1110871088605734
3,녹번,금,1.1540074948262902
3,녹번,목,1.1516571684247157
3,녹번,수,1.1563064373221354
3,녹번,월,1.1180540426059642
3,녹번,일,0.5117317294189465
3,녹번,토,0.7580965350717942
3,녹번,화,1.1501465923301537
3,대청,금,1.1873397762925497
3,대청,목,1.1698068322383215
3,대청,수,1.1909374675361075
3,대청,월,1.155415503117135
3,대청,일,0.45091622244951673
3,대청,토,0.6738899459828838
3,대청,화,1.1716942523834863
3,대치,금,1.137092306148834
3,대치,목,1.0973512162158967
3,대치,수,1.0807633225338378
3,대치,월,1.0734864536614854
3,대치,일,0.5794550539525531
3,대치,토,0.9328950438605861
3,대치,화,1.0989566036268064
3,도곡,금,1.1854881886477926
3,도곡,목,1.1662381938874655
3,도곡,수,1.1769498414572896
3,도곡,월,1.1650225758139554
3,도곡,일,0.41080193619582656
3,도곡,토,0.7309640405204583
3,도곡,화,1.1645352234772122
3,독립문,금,1.128584117670289
3,독립문,목,1.0876097120625166
3,독립문,수,1.096856561189603
3,독립문,월,1.0240088628856632
3,독립문,일,0.651324470125109
3,독립문,토,0.9221487153855722
3,독립문,화,1.0894675606812472
3,동대입구,금,1.0692998696055511
3,동대입구,목,1.119999610775068
3,동대입구,수,1.0974378062326484
3,동대입구,월,1.0397925388730735
3,동대입구,일,0.6616404810598046
3,동대입구,토,0.9152785117893621
3,동대입구,화,1.0965511816644917
3,매봉,금,1.2088695664917097
3,매봉,목,1.2103040506428657
3,매봉,수,1.2257512962625798
3,매봉,월,1.1784250821837636
3,매봉,일,0.3761138266946105
3,매봉,토,0.5865344058602664
3,매봉,화,1.214001771864204
3,무악재,금,1.1450683368758223
3,무악재,목,1.1472987810858242
3,무악재,수,1.1452147189873876
3,무악재,월,1.1064405594047
3,무악재,일,0.525915178122276
3,무악재,토,0.7878602896898261
3,무악재,화,1.1422021358341636
3,불광,금,1.118808407957365
3,불광,목,1.1043844610778366
3,불광,수,1.1109193017595898
3,불광,월,1.0705605318236278
3,불광,일,0.6249726617335658
3,불광,토,0.8664511898249679
3,불광,화,1.1039034458230477
3,수서,금,1.181650271953832
3,수서,목,1.0914327498741387
3,수서,수,1.0891741040011644
3,수서,월,1.0653168383101583
3,수서,일,0.6361522254284048
3,수서,토,0.8627916766755064
3,수서,화,1.0734821337567957
3,신사,금,1.193427681682914
3,신사,목,1.1127157212684191
3,신사,수,1.1023736665349109
3,신사,월,1.0779611937447062
3,신사,일,0.48714558725281526
3,신사,토,0.9146112846349076
3,신사,화,1.1117648648813268
3,안국,금,1.14583317437039
3,안국,목,1.096941718611731
3,안국,수,1.127175155276001
3,안국,월,1.0188018090436395
3,안국,일,0.6261864915996406
3,안국,토,0.9129728968728097
3,안국,화,1.072088754225788
3,압구정,금,1.1957544776779017
3,압구정,목,1.1198329527791195
3,압구정,수,1.1268736681144949
3,압구정,월,1.079160140770936
3,압구정,일,0.4715844579146982
3,압구정,토,0.8702594579766769
3,압구정,화,1.136534844766173
3,약수,금,1.1632834716289684
3,약수,목,1.1307068135491944
3,약수,수,1.1428134083084902
3,약수,월,1.0945820061696074
3,약수,일,0.5554470850553791
3,약수,토,0.7891180818277947
3,약수,화,1.1240491334605662
3,양재,금,1.2336172397749874
3,양재,목,1.1988013373693127
3,양재,수,1.2025744390014046
3,양재,월,1.1495491882793287
3,양재,일,0.3900924907038979
3,양재,토,0.6362297636738546
3,양재,화,1.1891355411972144
3,연신내,금,1.0787009086391297
3,연신내,목,1.045144012320297
3,연신내,수,1.0527147130380625
3,연신내,월,1.0204170911165087
3,연신내,일,0.5446904499100599
3,연신내,토,1.214022140305901
3,연신내,화,1.0443106846700405
3,오금,금,1.1737578188656514
3,오금,목,1.1673777912979577
3,오금,수,1.1751687365862078
3,오금,월,1.1509769406242139
3,오금,일,0.4682577851908844
3,오금,토,0.6900952811478562
3,오금,화,1.174365646287229
3,옥수,금,1.1521506638852164
3,옥수,목,1.115368078372176
3,옥수,수,1.1150831837350765
3,옥수,월,1.06837664547484
3,옥수,일,0.5871812719258067
3,옥수,토,0.8565289477324589
3,옥수,화,1.1053112088744246
3,을지로3가,금,1.2287868798377266
3,을지로3가,목,1.197987851012638
3,을지로3가,수,1.2180132345253625
3,을지로3가,월,1.1637640897621673
3,을지로3가,일,0.3890429529801289
3,을지로3가,토,0.6160684601358946
3,을지로3가,화,1.1863365317460823
3,일원,금,1.1986728586378694
3,일원,목,1.2127376532005
3,일원,수,1.2217783549628098
3,일원,월,1.1865503592753885
3,일원,일,0.37947206715810855
3,일원,토,0.5803243634099226
3,일원,화,1.2204643433554012
3,잠원,금,1.177289869181243
3,잠원,목,1.134404249620078
3,잠원,수,1.1500430798592631
3,잠원,월,1.1041509376089027
3,잠원,일,0.4916553180719564
3,잠원,토,0.8055270136871269
3,잠원,화,1.1369295319714305
3,종로3가,금,1.2069276796326287
3,종로3가,목,1.1705968149540817
3,종로3가,수,1.1715892623140343
3,종로3가,월,1.1186318656661292
3,종로3가,일,0.4662759353463781
3,종로3가,토,0.7161505236373669
3,종로3가,화,1.1498279184493807
3,지축,금,1.150699982057436
3,지축,목,1.136828129005247
3,지축,수,1.1535366377412994
3,지축,월,1.1075453895724154
3,지축,일,0.5293182940427509
3,지축,토,0.7784330346177323
3,지축,화,1.1436385329631198
3,충무로,금,1.2204486096730491
3,충무로,목,1.2519893542825813
3,충무로,수,1.2425759977287287
3,충무로,월,1.1881208989874612
3,충무로,일,0.31487327370957063
3,충무로,토,0.5473317481450256
3,충무로,화,1.2346601174735832
3,학여울,금,1.2616032737650322
3,학여울,목,1.168640112029264
3,학여울,수,0.9412415329103094
3,학여울,월,0.856494158014437
3,학여울,일,0.7333682317609009
3,학여울,토,1.1423630500425288
3,학여울,화,0.8962896414775268
3,홍제,금,1.133377406515729
3,홍제,목,1.1201158630088124
3,홍제,수,1.126962465980299
3,홍제,월,1.0922251592514325
3,홍제,일,0.5710423526993662
3,홍제,토,0.8352142437404168
3,홍제,화,1.1210625088039432
4,길음,금,1.1425155290148272
4,길음,목,1.1442467853589335
4,길음,수,1.1502501612171463
4,길음,월,1.0873742114358929
4,길음,일,0.5472159269190497
4,길음,토,0.7906635545880024
4,길음,화,1.1377338314661474
4,남태령,금,1.1587841212232666
4,남태령,목,1.0733159069632645
4,남태령,수,1.0743246371690927
4,남태령,월,1.009690618434905
4,남태령,일,0.6277913181729821
4,남태령,토,0.9860700545270468
4,남태령,화,1.070023343509442
4,노원,금,1.1350855071190984
4,노원,목,1.0790934502186633
4,노원,수,1.0871133018741312
4,노원,월,1.0380475584388504
4,노원,일,0.6654057239419938
4,노원,토,0.9186846122683144
4,노원,화,1.0765698461389483
4,당고개,금,1.1204600697007714
4,당고개,목,1.0975194652586233
4,당고개,수,1.0872908686741292
4,당고개,월,1.0757336250252
4,당고개,일,0.6663959543979566
4,당고개,토,0.8657719816782413
4,당고개,화,1.086828035265078
4,동대문,금,1.174222680808438
4,동대문,목,1.149145932383539
4,동대문,수,1.1414393819503732
4,동대문,월,1.1304676172814003
4,동대문,일,0.4583941329027122
4,동대문,토,0.7977104841997755
4,동대문,화,1.1486197704737624
4,동대문역사문화공원,금,1.1303053162771344
4,동대문역사문화공원,목,1.0981438609014529
4,동대문역사문화공원,수,1.1001634864688157
4,동대문역사문화공원,월,1.0414023492508322
4,동대문역사문화공원,일,0.6774907790184584
4,동대문역사문화공원,토,0.8830648041919418
4,동대문역사문화공원,화,1.069429403891364
4,동작,금,1.1283914352211715
4,동작,목,1.0684189699039026
4,동작,수,1.077927816083961
4,동작,월,1.0406404162591087
4,동작,일,0.6947725445101661
4,동작,토,0.9101265133103269
4,동작,화,1.0797223047113633
4,명동,금,1.1204155460804253
4,명동,목,1.0689140255311413
4,명동,수,1.0953255546041538
4,명동,월,1.0358371174036523
4,명동,일,0.6883752988285742
4,명동,토,0.9218071236669623
4,명동,화,1.0693253338850908
4,미아,금,1.1398590503844384
4,미아,목,1.1202318832725735
4,미아,수,1.1327447262832635
4,미아,월,1.096285327320847
4,미아,일,0.581471422496706
4,미아,토,0.8089510030892333
4,미아,화,1.1204565871529386
4,미아사거리,금,1.1318678498619166
4,미아사거리,목,1.0955423791144285
4,미아사거리,수,1.1017095186176873
4,미아사거리,월,1.0588662570204757
4,미아사거리,일,0.6291581944340827
4,미아사거리,토,0.8895831901331351
4,미아사거리,화,1.0932726108182735
4,사당,금,1.1617412893448973
4,사당,목,1.0907435628675408
4,사당,수,1.0874403142381508
4,사당,월,1.022563702746668
4,사당,일,0.6306779306764463
4,사당,토,0.9333609621978826
4,사당,화,1.0734722379284136
4,삼각지,금,1.1817319248601708
4,삼각지,목,1.1274203579313142
4,삼각지,수,1.1127050671229606
4,삼각지,월,1.0216312635818692
4,삼각지,일,0.5793028748545594
4,삼각지,토,0.8850398777957185
4,삼각지,화,1.0921686338534073
4,상계,금,1.1304832464132033
4,상계,목,1.1197601217998343
4,상계,수,1.130735952055339
4,상계,월,1.0917218471467138
4,상계,일,0.5853171063181507
4,상계,토,0.8189428208452425
4,상계,화,1.1230389054215157
4,서울역,금,1.1937293174953225
4,서울역,목,1.1862838886110503
4,서울역,수,1.2013509804423943
4,서울역,월,1.1438067975911632
4,서울역,일,0.44787781457673287
4,서울역,토,0.650917435960858
4,서울역,화,1.176033765322479
4,성신여대입구,금,1.1398972306150807
4,성신여대입구,목,1.0910504328302637
4,성신여대입구,수,1.1088115875302602
4,성신여대입구,월,1.0451208253594915
4,성신여대입구,일,0.6428444740764183
4,성신여대입구,토,0.8870481108690638
4,성신여대입구,화,1.0852273387194216
4,수유,금,1.1377403981398626
4,수유,목,1.0991426210677382
4,수유,수,1.1030797795000002
4,수유,월,1.0656306796403179
4,수유,일,0.6333005354188944
4,수유,토,0.8663572582605624
4,수유,화,1.0947487279726247
4,숙대입구,금,1.1243735825269021
4,숙대입구,목,1.1317923946957462
4,숙대입구,수,1.1445090790284542
4,숙대입구,월,1.07183810006262
4,숙대입구,일,0.5805699539443676
4,숙대입구,토,0.8197879187861149
4,숙대입구,화,1.1271289709557948
4,신용산,금,1.1748735660102716
4,신용산,목,1.136585660344928
4,신용산,수,1.1485500933554413
4,신용산,월,1.0804188430970412
4,신용산,일,0.5562739762895437
4,신용산,토,0.7754442209933705
4,신용산,화,1.127853639909403
4,쌍문,금,1.1375423462460845
4,쌍문,목,1.1173923248869326
4,쌍문,수,1.1257007855196002
4,쌍문,월,1.0900279765429037
4,쌍문,일,0.5896413137060219
4,쌍문,토,0.8253087434932143
4,쌍문,화,1.1143865096052428
4,이촌,금,1.0901184610705148
4,이촌,목,1.03688907287556
4,이촌,수,1.0941506379224013
4,이촌,월,0.9612063831255045
4,이촌,일,0.7150100734508308
4,이촌,토,1.0610094984121932
4,이촌,화,1.0416158731429954
4,창동,금,1.148230382677621
4,창동,목,1.0982085815900071
4,창동,수,1.1074634374266423
4,창동,월,1.0638174329826484
4,창동,일,0.628278770820717
4,창동,토,0.8590111924942108
4,창동,화,1.094990202008154
4,총신대입구,금,1.1606383302018592
4,총신대입구,목,1.11098104552533
4,총신대입구,수,1.1270962236395927
4,총신대입구,월,1.0749272998708037
4,총신대입구,일,0.5750541166551769
4,총신대입구,토,0.8409761518213033
4,총신대입구,화,1.1103268322859337
4,충무로,금,1.1796284526139362
4,충무로,목,1.2101142587864724
4,충무로,수,1.2010157493223999
4,충무로,월,1.1483820018987299
4,충무로,일,0.4196265506870361
4,충무로,토,0.6478683563939843
4,충무로,화,1.1933646302974408
4,한성대입구,금,1.140758629149368
4,한성대입구,목,1.1122969448931865
4,한성대입구,수,1.1252496027151015
4,한성대입구,월,1.0499903714569585
4,한성대입구,일,0.6018262938015222
4,한성대입구,토,0.8597152400408402
4,한성대입구,화,1.1101629179430237
4,혜화,금,1.1380162837541732
4,혜화,목,1.085376742537113
4,혜화,수,1.113445711234843
4,혜화,월,0.9550472364838115
4,혜화,일,0.7054841763171786
4,혜화,토,0.955343969186259
4,혜화,화,1.047285880486621
4,회현,금,1.1478940700498206
4,회현,목,1.13076763220639
4,회현,수,1.1387097794802525
4,회현,월,1.0911787080690556
4,회현,일,0.4529685440658489
4,회현,토,0.8885004803640579
4,회현,화,1.1499807857645745
5,강동,금,1.151093672826416
5,강동,목,1.138504703039394
5,강동,수,1.143680848397179
5,강동,월,1.1151486317959547
5,강동,일,0.5238001664979182
5,강동,토,0.7882303074007693
5,강동,화,1.1395416700423684
5,강일,금,1.1478111696155733
5,강일,목,1.1316770805265166
5,강일,수,1.145217010287355
5,강일,월,1.1005010679547875
5,강일,일,0.5467345875148717
5,강일,토,0.7883215978031074
5,강일,화,1.139737486297789
5,개롱,금,1.1679376618127817
5,개롱,목,1.1557794355495212
5,개롱,수,1.1662543677929864
5,개롱,월,1.1243022799160225
5,개롱,일,0.4956216147764242
5,개롱,토,0.7410413752506336
5,개롱,화,1.1490632649016308
5,개화산,금,1.1521660271481184
5,개화산,목,1.1451221280737216
5,개화산,수,1.156410915372413
5,개화산,월,1.1267109269341375
5,개화산,일,0.5241739370622346
5,개화산,토,0.7463654866550962
5,개화산,화,1.149050578754278
5,거여,금,1.1643720998474303
5,거여,목,1.1566107533778058
5,거여,수,1.1722868308737775
5,거여,월,1.1260311400468772
5,거여,일,0.49269742106241093
5,거여,토,0.7242193363788716
5,거여,화,1.1637824184128265
5,고덕,금,1.1813928297710488
5,고덕,목,1.140968538253603
5,고덕,수,1.1631768409568766
5,고덕,월,1.1226890194362382
5,고덕,일,0.48210932179396304
5,고덕,토,0.7577695673569121
5,고덕,화,1.151893882431359
5,공덕,금,1.2017476405181293
5,공덕,목,1.2089479366352478
5,공덕,수,1.2257453944658685
5,공덕,월,1.163264094877001
5,공덕,일,0.37331093416677935
5,공덕,토,0.6109146292338276
5,공덕,화,1.2160693701031453
5,광나루,금,1.1323289409729156
5,광나루,목,1.1111761242958578
5,광나루,수,1.120179244281148
5,광나루,월,1.0621220120815429
5,광나루,일,0.605495430959759
5,광나루,토,0.856382670649859
5,광나루,화,1.1123155767589177
5,광화문,금,1.1675096754184915
5,광화문,목,1.1716656367368363
5,광화문,수,1.1964020038808538
5,광화문,월,1.1061757167937392
5,광화문,일,0.4939061777592926
5,광화문,토,0.6992177324716345
5,광화문,화,1.165123056939152
5,군자,금,1.1521811793150496
5,군자,목,1.124668658468971
5,군자,수,1.1289494357774073
5,군자,월,1.0666997076423865
5,군자,일,0.5804008939332999
5,군자,토,0.8373966251049437
5,군자,화,1.1097034997579425
5,굽은다리,금,1.138856497035786
5,굽은다리,목,1.1104554336318193
5,굽은다리,수,1.1280301861380988
5,굽은다리,월,1.0828449959354394
5,굽은다리,일,0.5998967083754227
5,굽은다리,토,0.8367766890173928
5,굽은다리,화,1.1031394898660407
5,길동,금,1.1572735556774258
5,길동,목,1.109383123612534
5,길동,수,1.1228474286637842
5,길동,월,1.097043946642653
5,길동,일,0.5615523815206344
5,길동,토,0.8352453492721015
5,길동,화,1.116654214610868
5,김포공항,금,1.1196906725619333
5,김포공항,목,1.0013897826047813
5,김포공항,수,0.9823938586490696
5,김포공항,월,0.964710375812209
5,김포공항,일,0.9386972210161227
5,김포공항,토,1.0234191122176206
5,김포공항,화,0.9696989771382639
5,까치산,금,1.1296910751658222
5,까치산,목,1.1108838079186876
5,까치산,수,1.1193039356537062
5,까치산,월,1.0854915733537518
5,까치산,일,0.5966955167988865
5,까치산,토,0.8465149509056582
5,까치산,화,1.1114191402034888
5,답십리,금,1.1682906080415312
5,답십리,목,1.1526634657104498
5,답십리,수,1.1664913511783295
5,답십리,월,1.12282556553584
5,답십리,일,0.5133951838181426
5,답십리,토,0.7258502507695773
5,답십리,화,1.1504835749461293
5,동대문역사문화공원,금,1.2054462391372052
5,동대문역사문화공원,목,1.2433669874021056
5,동대문역사문화공원,수,1.2527279058655083
5,동대문역사문화공원,월,1.2420412869464985
5,동대문역사문화공원,일,0.3350522201320324
5,동대문역사문화공원,토,0.46783272220830646
5,동대문역사문화공원,화,1.2535326383083432
5,둔촌동,금,1.1543499368450665
5,둔촌동,목,1.121720541746855
5,둔촌동,수,1.1270694855907653
5,둔촌동,월,1.089600909938767
5,둔촌동,일,0.5780848273965767
5,둔촌동,토,0.8053385438971594
5,둔촌동,화,1.12383575458481
5,마곡,금,1.1905128389159962
5,마곡,목,1.205647930008993
5,마곡,수,1.215955889362525
5,마곡,월,1.18057365839324
5,마곡,일,0.3858707984889944
5,마곡,토,0.610029707212721
5,마곡,화,1.2114091776175309
5,마장,금,1.1512237530548561
5,마장,목,1.1484123895716944
5,마장,수,1.1477370281935966
5,마장,월,1.1005650900025647
5,마장,일,0.5429894595377422
5,마장,토,0.7680164144875397
5,마장,화,1.1410558651520057
5,마천,금,1.1541917882488022
5,마천,목,1.142082834218615
5,마천,수,1.154443616836019
5,마천,월,1.1185489596021816
5,마천,일,0.5381553886840398
5,마천,토,0.7447997326758163
5,마천,화,1.1477776797345263
5,마포,금,1.1918047617725767
5,마포,목,1.198759172462703
5,마포,수,1.2135687948743012
5,마포,월,1.1623048135643896
5,마포,일,0.38651128940502133
5,마포,토,0.6455545767997296
5,마포,화,1.2014965911212783
5,명일,금,1.1487314423069417
5,명일,목,1.1175518584228985
5,명일,수,1.1428568025478452
5,명일,월,1.0904154713002219
5,명일,일,0.5868423568665565
5,명일,토,0.7915703381061416
5,명일,화,1.122031730449394
5,목동,금,1.1701651520640541
5,목동,목,1.149619665861986
5,목동,수,1.1585200754821545
5,목동,월,1.1113424645709264
5,목동,일,0.5014083417455046
5,목동,토,0.7593700849246257
5,목동,화,1.149574215350749
5,미사,금,1.1393405206074492
5,미사,목,1.1227079728541491
5,미사,수,1.137095300830609
5,미사,월,1.0787115507179892
5,미사,일,0.5795170396887778
5,미사,토,0.8343591474337001
5,미사,화,1.1082684678673256
5,발산,금,1.135693283051602
5,발산,목,1.1579770291909555
5,발산,수,1.1782282083823046
5,발산,월,1.1254180161905876
5,발산,일,0.4844510627684033
5,발산,토,0.7541167576576508
5,발산,화,1.1641156427584962
5,방이,금,1.1365255533970475
5,방이,목,1.1263411617967918
5,방이,수,1.1300972956220185
5,방이,월,1.0784618772754644
5,방이,일,0.5814132653444282
5,방이,토,0.8275810936921935
5,방이,화,1.1195797528720555
5,방화,금,1.146985604692901
5,방화,목,1.1276865940150071
5,방화,수,1.1421827851454007
5,방화,월,1.1012474087256172
5,방화,일,0.571957801746197
5,방화,토,0.7784071786688481
5,방화,화,1.1315326270060289
5,상일동,금,1.1728688052038752
5,상일동,목,1.1570485111318198
5,상일동,수,1.1744018032818715
5,상일동,월,1.1387769956255487
5,상일동,일,0.4821836290703782
5,상일동,토,0.713073941552845
5,상일동,화,1.1616463141336613
5,서대문,금,1.2087816765615595
5,서대문,목,1.2515882629647022
5,서대문,수,1.264076382020556
5,서대문,월,1.2190674981627332
5,서대문,일,0.31108576966285384
5,서대문,토,0.48272589390043474
5,서대문,화,1.26267451672716
5,송정,금,1.1403813181408236
5,송정,목,1.104398757457214
5,송정,수,1.112199854088417
5,송정,월,1.0928705796742133
5,송정,일,0.5967534069192981
5,송정,토,0.8432950320334336
5,송정,화,1.1101010516866003
5,신금호,금,1.1728634082883576
5,신금호,목,1.1571506314572984
5,신금호,수,1.1658743804513643
5,신금호,월,1.116086117300477
5,신금호,일,0.5001565597329333
5,신금호,토,0.7301891194541685
5,신금호,화,1.1576797833154013
5,신길,금,1.1706272895852756
5,신길,목,1.1527642078520313
5,신길,수,1.1532294020091522
5,신길,월,1.1204393981871459
5,신길,일,0.5061748832386113
5,신길,토,0.750559873817835
5,신길,화,1.146204945309949
5,신정,금,1.162429251585478
5,신정,목,1.1509447492958835
5,신정,수,1.1645233741959435
5,신정,월,1.1282241823025345
5,신정,일,0.5022678869753516
5,신정,토,0.7407973754629655
5,신정,화,1.150813180181843
5,아차산,금,1.1100343962086272
5,아차산,목,1.0778201239978107
5,아차산,수,1.0786400471617936
5,아차산,월,1.0177288575934098
5,아차산,일,0.7164749564198712
5,아차산,토,0.930405634009918
5,아차산,화,1.0688959846085697
5,애오개,금,1.1930591653062121
5,애오개,목,1.1889422700786032
5,애오개,수,1.2054633841610414
5,애오개,월,1.1445283473546657
5,애오개,일,0.4313887620546648
5,애오개,토,0.6421371651905406
5,애오개,화,1.1944809058542731
5,양평,금,1.198612979876131
5,양평,목,1.1982892143429713
5,양평,수,1.2154385705097224
5,양평,월,1.1808303795460033
5,양평,일,0.40622225189891153
5,양평,토,0.5967778211675084
5,양평,화,1.2038287826587526
5,여의나루,금,1.1180100422861878
5,여의나루,목,0.9535274686233216
5,여의나루,수,0.971978778340869
5,여의나루,월,0.9093984281678252
5,여의나루,일,0.8976392184550881
5,여의나루,토,1.1912337602870877
5,여의나루,화,0.9582123038396198
5,여의도,금,1.2029587229709082
5,여의도,목,1.2200029114820663
5,여의도,수,1.2418829171453392
5,여의도,월,1.1934801821861103
5,여의도,일,0.35121336896488436
5,여의도,토,0.553436731178663
5,여의도,화,1.2370251660720295
5,영등포구청,금,1.193671610101453
5,영등포구청,목,1.197366880823533
5,영등포구청,수,1.2031225003746566
5,영등포구청,월,1.1794588645702602
5,영등포구청,일,0.4131147674802998
5,영등포구청,토,0.6109514260505358
5,영등포구청,화,1.202313950599262
5,영등포시장,금,1.14763087197867
5,영등포시장,목,1.1036942767072495
5,영등포시장,수,1.1156172335792
5,영등포시장,월,1.0580391846088133
5,영등포시장,일,0.572224786190194
5,영등포시장,토,0.9050135284508223
5,영등포시장,화,1.097780118485051
5,오금,금,1.176812191081405
5,오금,목,1.1743487331002354
5,오금,수,1.1849218421900716
5,오금,월,1.1607182924354738
5,오금,일,0.44941112862105026
5,오금,토,0.6692689560832733
5,오금,화,1.1845188564884919
5,오목교,금,1.1558444141116866
5,오목교,목,1.1175709037080197
5,오목교,수,1.1358043978097871
5,오목교,월,1.0751666778208222
5,오목교,일,0.5548154409938054
5,오목교,토,0.8403288658946457
5,오목교,화,1.1204692996612335
5,올림픽공원,금,1.161089268645436
5,올림픽공원,목,1.0601114575820338
5,올림픽공원,수,1.076448283534222
5,올림픽공원,월,1.022390118376524
5,올림픽공원,일,0.6664301334263605
5,올림픽공원,토,0.9452325707647372
5,올림픽공원,화,1.0682981676706866
5,왕십리,금,1.1449428155610852
5,왕십리,목,1.1207443649947029
5,왕십리,수,1.1300252983506869
5,왕십리,월,1.0720593679690957
5,왕십리,일,0.5877560764435673
5,왕십리,토,0.8419640072210758
5,왕십리,화,1.1025080694597869
5,우장산,금,1.1597827661241977
5,우장산,목,1.142307526387227
5,우장산,수,1.158729856325427
5,우장산,월,1.1212101034275517
5,우장산,일,0.5094122227767341
5,우장산,토,0.7610297027803185
5,우장산,화,1.1475278221785437
5,을지로4가,금,1.2002698162730834
5,을지로4가,목,1.206554274014465
5,을지로4가,수,1.2115800798552616
5,을지로4가,월,1.166719223356658
5,을지로4가,일,0.34075113361917775
5,을지로4가,토,0.6702008131453417
5,을지로4가,화,1.2039246597360123
5,장한평,금,1.1816479262053703
5,장한평,목,1.1756037002293656
5,장한평,수,1.1895641136240442
5,장한평,월,1.1238907393975732
5,장한평,일,0.4751821416333588
5,장한평,토,0.7009659109488261
5,장한평,화,1.153145467961462
5,종로3가,금,1.1354389712242132
5,종로3가,목,1.0367701813806764
5,종로3가,수,1.0443620394407795
5,종로3가,월,0.9545556655510138
5,종로3가,일,0.7464984179004992
5,종로3가,토,1.0794275553912687
5,종로3가,화,1.0029471691115497
5,천호,금,1.1342646908920895
5,천호,목,1.0521677398761875
5,천호,수,1.0628216617567698
5,천호,월,0.995455513132062
5,천호,일,0.7086169220027146
5,천호,토,0.995401927643175
5,천호,화,1.051271544697001
5,청구,금,1.1640684596637967
5,청구,목,1.1555343537406177
5,청구,수,1.1681713952037869
5,청구,월,1.1271827123822835
5,청구,일,0.505043440515957
5,청구,토,0.7195509526805626
5,청구,화,1.160448685812996
5,충정로,금,1.1954512445663055
5,충정로,목,1.2344045845033764
5,충정로,수,1.253806929182799
5,충정로,월,1.2043876978591757
5,충정로,일,0.3572126723202989
5,충정로,토,0.5114613157252876
5,충정로,화,1.2432755558427562
5,하남검단산,금,1.0907514208587368
5,하남검단산,목,1.0461187202175053
5,하남검단산,수,1.0527157450297193
5,하남검단산,월,1.0100234424925911
5,하남검단산,일,0.7876159195506541
5,하남검단산,토,0.9727286260525686
5,하남검단산,화,1.0400461257982248
5,하남시청,금,1.1251566554347467
5,하남시청,목,1.0932605201872596
5,하남시청,수,1.1050651063108374
5,하남시청,월,1.0688404438863761
5,하남시청,일,0.6211692244496227
5,하남시청,토,0.8919105593445302
5,하남시청,화,1.0945974903866265
5,하남풍산,금,1.1592459998032028
5,하남풍산,목,1.1433655016656084
5,하남풍산,수,1.136091406867616
5,하남풍산,월,1.1108397885772017
5,하남풍산,일,0.5598642630490029
5,하남풍산,토,0.7470210615317302
5,하남풍산,화,1.1435719785056384
5,행당,금,1.1539057160758168
5,행당,목,1.1439132589558947
5,행당,수,1.1610430776914717
5,행당,월,1.1086438051710632
5,행당,일,0.5291201386413957
5,행당,토,0.7562508029594615
5,행당,화,1.1471232005048961
5,화곡,금,1.1551945269176398
5,화곡,목,1.1282829561785859
5,화곡,수,1.141629897366295
5,화곡,월,1.107323829611136
5,화곡,일,0.5394703177279275
5,화곡,토,0.7970572714616518
5,화곡,화,1.1310412007367638
6,고려대,금,1.139659946664282
6,고려대,목,1.1761952744006074
6,고려대,수,1.160384429277724
6,고려대,월,1.1093397037808774
6,고려대,일,0.5207887533962036
6,고려대,토,0.743883601113078
6,고려대,화,1.1497482913672277
6,공덕,금,1.1984331020969046
6,공덕,목,1.18782027653375
6,공덕,수,1.2000028404527197
6,공덕,월,1.1506966006067199
6,공덕,일,0.4179490268014195
6,공덕,토,0.6530548558025017
6,공덕,화,1.1920432977059838
6,광흥창,금,1.1701497950776691
6,광흥창,목,1.1751566777112943
6,광흥창,수,1.186673547232691
6,광흥창,월,1.133129448902102
6,광흥창,일,0.490336565431764
6,광흥창,토,0.6708141588373858
6,광흥창,화,1.1737398068070937
6,구산,금,1.1535008009373735
6,구산,목,1.135632962223006
6,구산,수,1.1386476108601953
6,구산,월,1.103670402647559
6,구산,일,0.5420374110123108
6,구산,토,0.7916950287641358
6,구산,화,1.1348157835554196
6,녹사평,금,1.1249781765208506
6,녹사평,목,1.0160483476516338
6,녹사평,수,1.018265496052022
6,녹사평,월,0.9232981421235956
6,녹사평,일,0.7819385497568339
6,녹사평,토,1.1473545173547988
6,녹사평,화,0.9881167705402653
6,대흥,금,1.1674750133929004
6,대흥,목,1.1619954157739212
6,대흥,수,1.1634510131709848
6,대흥,월,1.1037414515814612
6,대흥,일,0.49368878331841326
6,대흥,토,0.7529548900638655
6,대흥,화,1.1566934326984535
6,독바위,금,1.1338622748062726
6,독바위,목,1.1187833583389744
6,독바위,수,1.1241161420445656
6,독바위,월,1.094163750851548
6,독바위,일,0.5940294027363359
6,독바위,토,0.8096271433473649
6,독바위,화,1.1254179278749377
6,돌곶이,금,1.1456115261878077
6,돌곶이,목,1.1384564509446382
6,돌곶이,수,1.145269025891603
6,돌곶이,월,1.116960700399334
6,돌곶이,일,0.5997893362177045
6,돌곶이,토,0.7327782411480341
6,돌곶이,화,1.1211347192108783
6,동묘앞,금,1.0875677054928568
6,동묘앞,목,1.0414121692701988
6,동묘앞,수,1.0407191169529089
6,동묘앞,월,1.0147038847000365
6,동묘앞,일,0.7630595864850143
6,동묘앞,토,1.014014569282079
6,동묘앞,화,1.0385229678169061
6,디지털미디어시티,금,1.1664501100862852
6,디지털미디어시티,목,1.2003715303354299
6,디지털미디어시티,수,1.2135214440408995
6,디지털미디어시티,월,1.1635305814407362
6,디지털미디어시티,일,0.42910428530545663
6,디지털미디어시티,토,0.6198584217679021
6,디지털미디어시티,화,1.2071636270232908
6,마포구청,금,1.1525277918206092
6,마포구청,목,1.1515901230609324
6,마포구청,수,1.1522614709782988
6,마포구청,월,1.1089917936566462
6,마포구청,일,0.5316012259669992
6,마포구청,토,0.7538498483053186
6,마포구청,화,1.1491777462111956
6,망원,금,1.1309101293074193
6,망원,목,1.069879508812615
6,망원,수,1.0665865646425412
6,망원,월,0.9972946386645979
6,망원,일,0.7023561787296053
6,망원,토,0.9913683535287018
6,망원,화,1.0416046263145193
6,버티고개,금,1.1477792281443129
6,버티고개,목,1.1382141521525895
6,버티고개,수,1.1454721415753908
6,버티고개,월,1.107976295753211
6,버티고개,일,0.5359485177485507
6,버티고개,토,0.7824630706062585
6,버티고개,화,1.1421465940196867
6,보문,금,1.1693264254506481
6,보문,목,1.1366318696430635
6,보문,수,1.139541190435097
6,보문,월,1.0881805721552125
6,보문,일,0.5686721170191936
6,보문,토,0.7728852068103513
6,보문,화,1.124762618486434
6,봉화산,금,1.1600452379890407
6,봉화산,목,1.1686375049265563
6,봉화산,수,1.1757498547953487
6,봉화산,월,1.1417097332080002
6,봉화산,일,0.4916095602745107
6,봉화산,토,0.6910145049100118
6,봉화산,화,1.171233603896532
6,불광,금,1.1052099907527577
6,불광,목,1.0669298191753298
6,불광,수,1.1096565282942903
6,불광,월,1.0176580192657645
6,불광,일,0.7109899635456208
6,불광,토,0.934211046532254
6,불광,화,1.0553446324339832
6,삼각지,금,1.1407206423040452
6,삼각지,목,1.0981374969798325
6,삼각지,수,1.1063507425141972
6,삼각지,월,0.9583057613345503
6,삼각지,일,0.6115372442302335
6,삼각지,토,0.99222354693879
6,삼각지,화,1.0927245656983513
6,상수,금,1.1506887142919233
6,상수,목,1.0565649189755881
6,상수,수,1.045901288291521
6,상수,월,0.9638223805854165
6,상수,일,0.732106466129062
6,상수,토,1.0192510131631165
6,상수,화,1.031665218563372
6,상월곡,금,1.129248513214847
6,상월곡,목,1.1956911641587953
6,상월곡,수,1.154210007297656
6,상월곡,월,1.1122476125574698
6,상월곡,일,0.5425841247638601
6,상월곡,토,0.7274872191213018
6,상월곡,화,1.1385313588860693
6,새절,금,1.146101484012301
6,새절,목,1.141752490615099
6,새절,수,1.1463086017550974
6,새절,월,1.1128350644570386
6,새절,일,0.5434501958893247
6,새절,토,0.7646211337641116
6,새절,화,1.1449310295070285
6,석계,금,1.1403119594286149
6,석계,목,1.1314648542750632
6,석계,수,1.1481815348780695
6,석계,월,1.1008429286962018
6,석계,일,0.5581075941597446
6,석계,토,0.7838376411672885
6,석계,화,1.1372534873950166
6,신내,화,1.17
6,신내,목,1.17
6,신내,수,1.18
6,신내,월,1.14
6,신내,일,0.49
6,신내,토,0.69
6,신당,금,1.1590873431281852
6,신당,목,1.124293858105307
6,신당,수,1.1729490128382885
6,신당,월,1.0321392091240205
6,신당,일,0.5783209867262226
6,신당,토,0.8186952990261537
6,신당,화,1.1145142910518226
6,안암,금,1.1266670716835638
6,안암,목,1.2139736050388068
6,안암,수,1.2076998601071647
6,안암,월,1.147679307590582
6,안암,일,0.4454976654642008
6,안암,토,0.6605371373927997
6,안암,화,1.197945352722882
6,약수,금,1.165109398590177
6,약수,목,1.1368899906883667
6,약수,수,1.1464000923661892
6,약수,월,1.1155725856705252
6,약수,일,0.5173463709713282
6,약수,토,0.7834811664340751
6,약수,화,1.1352003952793384
6,역촌,금,1.1397739570626813
6,역촌,목,1.1281340832179585
6,역촌,수,1.1409746333830963
6,역촌,월,1.1058779388159292
6,역촌,일,0.5737336460749655
6,역촌,토,0.7852642553135096
6,역촌,화,1.1262414861318593
6,연신내,금,1.0030472906082613
6,연신내,목,0.9718438739204129
6,연신내,수,0.9788836110543521
6,연신내,월,0.9488511508032758
6,연신내,일,0.6865249057672321
6,연신내,토,1.439780176968316
6,연신내,화,0.9710689908781494
6,월곡,금,1.152473341902404
6,월곡,목,1.1537134199485926
6,월곡,수,1.181271766383796
6,월곡,월,1.1431262029852065
6,월곡,일,0.49732133935706874
6,월곡,토,0.7033195824013507
6,월곡,화,1.1687743470215817
6,월드컵경기장,금,0.963768569727793
6,월드컵경기장,목,1.0813857653041508
6,월드컵경기장,수,1.0340836441479693
6,월드컵경기장,월,0.831832694433015
6,월드컵경기장,일,0.8896623635186354
6,월드컵경기장,토,1.1625015849809035
6,월드컵경기장,화,1.036765377887532
6,응암,금,1.1430543582795287
6,응암,목,1.1238096600242757
6,응암,수,1.1336450799816296
6,응암,월,1.0956705922834817
6,응암,일,0.5718919872061873
6,응암,토,0.8078251109571946
6,응암,화,1.1241032112677019
6,이태원,금,1.1080326261990452
6,이태원,목,0.9257134557771335
6,이태원,수,0.9103605518921378
6,이태원,월,0.8475960437053162
6,이태원,일,0.9911972845943258
6,이태원,토,1.3369490582891619
6,이태원,화,0.880150979542879
6,증산,금,1.1348917010567408
6,증산,목,1.1187465017862843
6,증산,수,1.130377392736055
6,증산,월,1.09416905177391
6,증산,일,0.5858610944978612
6,증산,토,0.8158225186272454
6,증산,화,1.1201317395219037
6,창신,금,1.153308908168235
6,창신,목,1.163950673559164
6,창신,수,1.1892876736543447
6,창신,월,1.1388424698210053
6,창신,일,0.49796512889193895
6,창신,토,0.6822318089588331
6,창신,화,1.1744133369464782
6,청구,금,1.1705713528921942
6,청구,목,1.1559485995866952
6,청구,수,1.1659301004774365
6,청구,월,1.106754729650734
6,청구,일,0.5160836829738131
6,청구,토,0.7396460891485256
6,청구,화,1.1450654452706004
6,태릉입구,금,1.1358732105937195
6,태릉입구,목,1.1208630039094352
6,태릉입구,수,1.1154789358764403
6,태릉입구,월,1.0713669444741802
6,태릉입구,일,0.6076517050934694
6,태릉입구,토,0.8442853637750085
6,태릉입구,화,1.104480836277746
6,한강진,금,1.138917258142996
6,한강진,목,1.0286903627634607
6,한강진,수,1.0711913351934417
6,한강진,월,0.8482738238507326
6,한강진,일,0.797616184281148
6,한강진,토,1.1171740701378192
6,한강진,화,0.998136965630402
6,합정,금,1.134126153665108
6,합정,목,1.060226651827551
6,합정,수,1.0531360004713675
6,합정,월,0.9772214988328338
6,합정,일,0.7223317811136621
6,합정,토,1.0241963312574622
6,합정,화,1.0287615828320156
6,화랑대,금,1.159448405004277
6,화랑대,목,1.1801458272191445
6,화랑대,수,1.1903348895586414
6,화랑대,월,1.1386001136965722
6,화랑대,일,0.464992903590363
6,화랑대,토,0.6840040421432015
6,화랑대,화,1.1824738187878003
6,효창공원앞,금,1.1567681575076643
6,효창공원앞,목,1.1445140057795367
6,효창공원앞,수,1.1578419152380632
6,효창공원앞,월,1.1122672135795322
6,효창공원앞,일,0.5182993402111608
6,효창공원앞,토,0.7572738990603524
6,효창공원앞,화,1.1530354686236903
7,가산디지털단지,금,1.2382526702454824
7,가산디지털단지,목,1.2595948100205296
7,가산디지털단지,수,1.276881385605802
7,가산디지털단지,월,1.266271285540446
7,가산디지털단지,일,0.2826159484155587
7,가산디지털단지,토,0.3985677811988291
7,가산디지털단지,화,1.2778161189733521
7,강남구청,금,1.1895687758197153
7,강남구청,목,1.1977379649089956
7,강남구청,수,1.2102502252156826
7,강남구청,월,1.1347368127571813
7,강남구청,일,0.36949335323613713
7,강남구청,토,0.6969994371394856
7,강남구청,화,1.2012134309228024
7,건대입구,금,1.1134664823021918
7,건대입구,목,1.0932250244492587
7,건대입구,수,1.095495724974765
7,건대입구,월,1.0468470271442356
7,건대입구,일,0.6338261562281616
7,건대입구,토,0.9345591915547091
7,건대입구,화,1.0825803933466773
7,고속터미널,금,1.166757738854618
7,고속터미널,목,1.0102887786021757
7,고속터미널,수,0.9845141567941587
7,고속터미널,월,1.0234307755560546
7,고속터미널,일,0.8366321700729489
7,고속터미널,토,0.9811370490157434
7,고속터미널,화,0.9972393311043007
7,공릉,금,1.157316179580074
7,공릉,목,1.1267959745498453
7,공릉,수,1.1282960696904878
7,공릉,월,1.0995249962623326
7,공릉,일,0.5553431857912354
7,공릉,토,0.8080987024767784
7,공릉,화,1.1246248916492467
7,광명사거리,금,1.1420975119972487
7,광명사거리,목,1.1056938738496231
7,광명사거리,수,1.1129672530615944
7,광명사거리,월,1.0839784787126219
7,광명사거리,일,0.6096786135055585
7,광명사거리,토,0.8443152442553136
7,광명사거리,화,1.101269024618039
7,군자,금,1.1542250976062534
7,군자,목,1.1275698768642617
7,군자,수,1.13464372529559
7,군자,월,1.090070438195941
7,군자,일,0.5598592805941662
7,군자,토,0.8070051402539125
7,군자,화,1.1266264411898752
7,남구로,금,1.154959884041478
7,남구로,목,1.1729200162402922
7,남구로,수,1.1905075320739102
7,남구로,월,1.1941307218366772
7,남구로,일,0.48341074160872366
7,남구로,토,0.605123040250622
7,남구로,화,1.1989480639482963
7,남성,금,1.1561960758392278
7,남성,목,1.1431424033076436
7,남성,수,1.146931272032195
7,남성,월,1.1114558160630543
7,남성,일,0.522451242585108
7,남성,토,0.7693219175393218
7,남성,화,1.1505012726334503
7,내방,금,1.196555781874185
7,내방,목,1.1968239746495903
7,내방,수,1.2165276537731804
7,내방,월,1.1697519413189947
7,내방,일,0.3936250717732349
7,내방,토,0.6235466789948139
7,내방,화,1.2031688976160007
7,노원,금,1.156607260958203
7,노원,목,1.0880424792383494
7,노원,수,1.101745819937006
7,노원,월,1.071223145826249
7,노원,일,0.5997595284492847
7,노원,토,0.8842885460217359
7,노원,화,1.0983332195691717
7,논현,금,1.2169846704761456
7,논현,목,1.1978301028988156
7,논현,수,1.214426355681873
7,논현,월,1.1860409984972908
7,논현,일,0.3380300383077048
7,논현,토,0.6271040394350169
7,논현,화,1.2195837947031531
7,대림,금,1.0355498384255637
7,대림,목,1.008660597488021
7,대림,수,1.0233595521075536
7,대림,월,1.0348989737593353
7,대림,일,0.9404751761924334
7,대림,토,0.9267441328207782
7,대림,화,1.030311729206315
7,도봉산,금,1.1187998757683832
7,도봉산,목,1.1259135598103116
7,도봉산,수,1.1322419670424169
7,도봉산,월,1.1077019465154752
7,도봉산,일,0.5973213749117133
7,도봉산,토,0.7798114263593614
7,도봉산,화,1.138209849592338
7,뚝섬유원지,금,1.1094786305043802
7,뚝섬유원지,목,0.9962761916849869
7,뚝섬유원지,수,1.0054171268209557
7,뚝섬유원지,월,0.9405689215004502
7,뚝섬유원지,일,0.8408929267053263
7,뚝섬유원지,토,1.1147791086166594
7,뚝섬유원지,화,0.9925870941672406
7,마들,금,1.1578700477820947
7,마들,목,1.1491300498416719
7,마들,수,1.1519908568719712
7,마들,월,1.1117545286605155
7,마들,일,0.5110711790477431
7,마들,토,0.7814171376247256
7,마들,화,1.1367662001712777
7,먹골,금,1.1438127020481919
7,먹골,목,1.1157017553230808
7,먹골,수,1.1217940232553476
7,먹골,월,1.086501620646656
7,먹골,일,0.572617572128034
7,먹골,토,0.8437899559306169
7,먹골,화,1.1157823706680725
7,면목,금,1.1455663675691172
7,면목,목,1.1337016882844373
7,면목,수,1.1373586776353348
7,면목,월,1.114560936202963
7,면목,일,0.5431761128967917
7,면목,토,0.7837374002203384
7,면목,화,1.141898817191017
7,반포,금,1.1743860902424306
7,반포,목,1.1289278785906434
7,반포,수,1.1390157802000416
7,반포,월,1.0795499376829336
7,반포,일,0.5206648759109876
7,반포,토,0.8392021165589686
7,반포,화,1.1182533208139946
7,보라매,금,1.1608218385375912
7,보라매,목,1.1354525869130319
7,보라매,수,1.1489013567402728
7,보라매,월,1.142194605479995
7,보라매,일,0.5022280918650449
7,보라매,토,0.7587251318116885
7,보라매,화,1.151676388652376
7,사가정,금,1.1391212357664047
7,사가정,목,1.1158476275952893
7,사가정,수,1.1203175916154793
7,사가정,월,1.0909374363243183
7,사가정,일,0.5822677726853793
7,사가정,토,0.8317973026738154
7,사가정,화,1.119711033339314
7,상도,금,1.15996117761318
7,상도,목,1.143294453759832
7,상도,수,1.1590776560469556
7,상도,월,1.1017935000422576
7,상도,일,0.5144379195722281
7,상도,토,0.7712180100155175
7,상도,화,1.150217282950028
7,상봉,금,1.1427638209894513
7,상봉,목,1.109739343206042
7,상봉,수,1.1087462041308616
7,상봉,월,1.0725679320323684
7,상봉,일,0.5949749609799363
7,상봉,토,0.8716752780308666
7,상봉,화,1.0995324606304737
7,수락산,금,1.112496466268653
7,수락산,목,1.097797430150927
7,수락산,수,1.1060780629642546
7,수락산,월,1.0640012408473858
7,수락산,일,0.657710829075251
7,수락산,토,0.8670110409018658
7,수락산,화,1.094904929791662
7,숭실대입구,금,1.1441611293206302
7,숭실대입구,목,1.165274461594899
7,숭실대입구,수,1.182586600137742
7,숭실대입구,월,1.1371646580560402
7,숭실대입구,일,0.4642084979503248
7,숭실대입구,토,0.7233040522326126
7,숭실대입구,화,1.1833006007077513
7,신대방삼거리,금,1.1545777458861368
7,신대방삼거리,목,1.1358093115365957
7,신대방삼거리,수,1.1459223583468654
7,신대방삼거리,월,1.1179003763748805
7,신대방삼거리,일,0.5282737514493812
7,신대방삼거리,토,0.7771585195039339
7,신대방삼거리,화,1.1403579369022065
7,신풍,금,1.138245157986815
7,신풍,목,1.1266978222929342
7,신풍,수,1.1411939272190017
7,신풍,월,1.1107234302482802
7,신풍,일,0.569960632397539
7,신풍,토,0.7797874573048978
7,신풍,화,1.1333915725505328
7,어린이대공원,금,1.122836651257974
7,어린이대공원,목,1.1396124871299618
7,어린이대공원,수,1.1379928741847967
7,어린이대공원,월,1.0774466431747585
7,어린이대공원,일,0.5822211598734706
7,어린이대공원,토,0.8111410845618375
7,어린이대공원,화,1.128749099817201
7,온수,금,1.18092319008291
7,온수,목,1.1870862660893986
7,온수,수,1.207095464821672
7,온수,월,1.179940609750313
7,온수,일,0.4268599624564436
7,온수,토,0.6144797122360254
7,온수,화,1.2036147945632374
7,용마산,금,1.1358474475595743
7,용마산,목,1.1266974575624638
7,용마산,수,1.1357514167926857
7,용마산,월,1.0961554436683678
7,용마산,일,0.5738565971314044
7,용마산,토,0.8113191014901245
7,용마산,화,1.1203725357953787
7,이수,금,1.1696086599037632
7,이수,목,1.1168778900219085
7,이수,수,1.1306319673263048
7,이수,월,1.064898604356809
7,이수,일,0.5556058819628492
7,이수,토,0.8515045300983691
7,이수,화,1.1108724663299963
7,장승배기,금,1.1524730412086635
7,장승배기,목,1.1219361346471162
7,장승배기,수,1.139044085868254
7,장승배기,월,1.1150559488543814
7,장승배기,일,0.5400681387610525
7,장승배기,토,0.7969219486523991
7,장승배기,화,1.1345007020081332
7,장암,금,1.1090483209373405
7,장암,목,1.1204973293958436
7,장암,수,1.1277150065746244
7,장암,월,1.1090590997025787
7,장암,일,0.6162406938129802
7,장암,토,0.7859068184215591
7,장암,화,1.131532731155074
7,중계,금,1.1567137855977896
7,중계,목,1.159980773124244
7,중계,수,1.165927128050483
7,중계,월,1.1302728122352836
7,중계,일,0.5031520466807875
7,중계,토,0.725779890301666
7,중계,화,1.1581735640097461
7,중곡,금,1.1637968800006746
7,중곡,목,1.1512759778629775
7,중곡,수,1.165814619229036
7,중곡,월,1.124343701809455
7,중곡,일,0.5218027256068085
7,중곡,토,0.7199043852988564
7,중곡,화,1.1530617101921923
7,중화,금,1.149084343596952
7,중화,목,1.1265315907091071
7,중화,수,1.138779864530334
7,중화,월,1.1050276773574268
7,중화,일,0.5599337982422324
7,중화,토,0.7908244048273813
7,중화,화,1.1298183207365657
7,천왕,금,1.1743523134075913
7,천왕,목,1.1650653856976088
7,천왕,수,1.1808540457764471
7,천왕,월,1.1434721360776612
7,천왕,일,0.4745274297358306
7,천왕,토,0.6894775290595417
7,천왕,화,1.17225116024532
7,철산,금,1.1666828525356943
7,철산,목,1.1277270447752963
7,철산,수,1.138085685625375
7,철산,월,1.1015984839458572
7,철산,일,0.5340075283406851
7,철산,토,0.8020134886026136
7,철산,화,1.1298849161744795
7,청담,금,1.181626909512247
7,청담,목,1.1951204374024487
7,청담,수,1.2080038256808763
7,청담,월,1.164340846450621
7,청담,일,0.3773068853442064
7,청담,토,0.6662435119204219
7,청담,화,1.2073575836891786
7,태릉입구,금,1.129468664109583
7,태릉입구,목,1.121672032075931
7,태릉입구,수,1.123913242835406
7,태릉입구,월,1.0691035847584525
7,태릉입구,일,0.5982010586607189
7,태릉입구,토,0.8410049714739899
7,태릉입구,화,1.1166364460859182
7,하계,금,1.1406981501474616
7,하계,목,1.1347826907646077
7,하계,수,1.1703382282529835
7,하계,월,1.1001497898577108
7,하계,일,0.5481016450061197
7,하계,토,0.7752281368914825
7,하계,화,1.1307013590796342
7,학동,금,1.2004548482266322
7,학동,목,1.2394805746536055
7,학동,수,1.260646370459086
7,학동,월,1.2178104866343251
7,학동,일,0.2955813529187168
7,학동,토,0.5335525845422137
7,학동,화,1.2524737825654204
8,가락시장,금,1.1803929741962493
8,가락시장,목,1.1497728664710285
8,가락시장,수,1.156428621656671
8,가락시장,월,1.1051925161523437
8,가락시장,일,0.46367626321108224
8,가락시장,토,0.8041774822057849
8,가락시장,화,1.1403592761068402
8,강동구청,금,1.1818495913405316
8,강동구청,목,1.1699863510642434
8,강동구청,수,1.1821102955263396
8,강동구청,월,1.1487052773395312
8,강동구청,일,0.47334535537380446
8,강동구청,토,0.6748608950799568
8,강동구청,화,1.1691422342755933
8,남위례,금,1.1674842876885738
8,남위례,목,1.1527548131472192
8,남위례,수,1.1669953575034047
8,남위례,월,1.091621777089444
8,남위례,일,0.5068481754428042
8,남위례,토,0.7652591213179081
8,남위례,화,1.149036467810646
8,남한산성입구,금,1.1558303493842217
8,남한산성입구,목,1.1493624923104206
8,남한산성입구,수,1.1641030595066417
8,남한산성입구,월,1.1255211699436407
8,남한산성입구,일,0.5111635745728663
8,남한산성입구,토,0.7273434933506152
8,남한산성입구,화,1.166675860931594
8,단대오거리,금,1.1567513185645217
8,단대오거리,목,1.1276581556760892
8,단대오거리,수,1.1458844190511508
8,단대오거리,월,1.1052262695385469
8,단대오거리,일,0.5473854947894873
8,단대오거리,토,0.7883094120078026
8,단대오거리,화,1.1287849303724025
8,모란,금,1.1173486077748342
8,모란,목,1.0838918043688488
8,모란,수,1.0767941381662993
8,모란,월,1.0729052777800374
8,모란,일,0.6531092281520281
8,모란,토,0.923833587866733
8,모란,화,1.0721173558912198
8,몽촌토성,금,1.1537967120748123
8,몽촌토성,목,1.1071115665119642
8,몽촌토성,수,1.120253965264463
8,몽촌토성,월,1.064391231735907
8,몽촌토성,일,0.5974323008055854
8,몽촌토성,토,0.8510737137720441
8,몽촌토성,화,1.1059405098352246
8,문정,금,1.2264847086609567
8,문정,목,1.246806439317884
8,문정,수,1.2640400988803318
8,문정,월,1.2354372528433113
8,문정,일,0.29167824708169743
8,문정,토,0.48242855411362545
8,문정,화,1.2531246991021925
8,복정,금,1.1683121856056777
8,복정,목,1.1507958267111498
8,복정,수,1.1663802233954246
8,복정,월,1.0967083941390936
8,복정,일,0.5269530516844955
8,복정,토,0.7304801187438262
8,복정,화,1.1603701997203328
8,산성,금,1.1264325686367591
8,산성,목,1.1060972441695922
8,산성,수,1.124083119042218
8,산성,월,1.0755132023085545
8,산성,일,0.5978535220183692
8,산성,토,0.8570940763149331
8,산성,화,1.112926267509573
8,석촌,금,1.1504055346222903
8,석촌,목,1.1149351852901213
8,석촌,수,1.1218707209329843
8,석촌,월,1.0770465443128625
8,석촌,일,0.5748646756311298
8,석촌,토,0.8467191915530464
8,석촌,화,1.1141581476575648
8,송파,금,1.1568698848344352
8,송파,목,1.1446604197252608
8,송파,수,1.1562320465104134
8,송파,월,1.1074707580545566
8,송파,일,0.5148855004643321
8,송파,토,0.7742758904267866
8,송파,화,1.1456054999842151
8,수진,금,1.135772215164593
8,수진,목,1.1054740830578607
8,수진,수,1.1087327132874811
8,수진,월,1.0867872177943427
8,수진,일,0.6004672963047784
8,수진,토,0.8689502719984579
8,수진,화,1.0938162023924862
8,신흥,금,1.1326458783122926
8,신흥,목,1.0841604854338664
8,신흥,수,1.0959641563637985
8,신흥,월,1.0645576174254456
8,신흥,일,0.650862637430165
8,신흥,토,0.9025239550767721
8,신흥,화,1.06928526995766
8,암사,금,1.1594940478598819
8,암사,목,1.150641106682608
8,암사,수,1.1605858749046307
8,암사,월,1.1228010377852506
8,암사,일,0.5125530773565706
8,암사,토,0.7430902485650973
8,암사,화,1.1508346068459612
8,잠실,금,1.112370108428812
8,잠실,목,1.0467954645984978
8,잠실,수,1.0534065888754707
8,잠실,월,1.0009354609035017
8,잠실,일,0.7561186343832337
8,잠실,토,1.0017392938303062
8,잠실,화,1.0286344489801775
8,장지,금,1.1548090972036578
8,장지,목,1.130188321553833
8,장지,수,1.155399196793267
8,장지,월,1.0809472302401455
8,장지,일,0.5608040506194292
8,장지,토,0.7907051529329508
8,장지,화,1.1271469506567167
8,천호,금,1.1420661467059474
8,천호,목,1.097326434911895
8,천호,수,1.1033332549891048
8,천호,월,1.0558380225419755
8,천호,일,0.6217783361280124
8,천호,토,0.8851405096859766
8,천호,화,1.094517295037088
